{"train/box_loss": 1.3204, "train/cls_loss": 1.43758, "train/dfl_loss": 1.1934, "_timestamp": 1724761799.6124349, "lr/pg0": 0.00991380894308943, "lr/pg1": 0.00991380894308943, "lr/pg2": 0.00991380894308943, "metrics/precision(B)": 0.49558, "metrics/recall(B)": 0.2598, "metrics/mAP50(B)": 0.25031, "metrics/mAP50-95(B)": 0.13699, "val/box_loss": 1.51215, "val/cls_loss": 1.6004, "val/dfl_loss": 1.37065, "labels": {"_type": "image-file", "sha256": "a8cbeb115a6e2a50b2c33aa823b88e1213072381b71cdeae2557aa242940e4e1", "size": 151355, "path": "media/images/labels_1_a8cbeb115a6e2a50b2c3.jpg", "format": "jpg", "width": 1600, "height": 1600}, "train_batch0": {"_type": "image-file", "sha256": "1f3f9521a436f278da57f3869ba9fa0d52af8a1120011b2e19846376ec3326cb", "size": 672469, "path": "media/images/train_batch0_1_1f3f9521a436f278da57.jpg", "format": "jpg", "width": 1920, "height": 1920}, "train_batch1": {"_type": "image-file", "sha256": "a7ddb3a67e6c1f6108a8e98a982fc23e99aa8598e7cd3ab8b25df351f45e08a5", "size": 712334, "path": "media/images/train_batch1_1_a7ddb3a67e6c1f6108a8.jpg", "format": "jpg", "width": 1920, "height": 1920}, "train_batch2": {"_type": "image-file", "sha256": "6ff226cf5ae600ef792639b37db556832880c8e8e9476947383b904f34305c36", "size": 753292, "path": "media/images/train_batch2_1_6ff226cf5ae600ef7926.jpg", "format": "jpg", "width": 1920, "height": 1920}, "model/parameters": 3012408, "model/GFLOPs": 8.202, "model/speed_PyTorch(ms)": 1.407, "_runtime": 81.98685479164124, "_step": 3, "_wandb": {"runtime": 83}}